,id,question
0,1754,How does the company's innovative technology significantly alter the traditional construction processes to address sustainability challenges?
1,1754,What are the key advantages of the proprietary material used by the company in comparison to conventional building materials?
2,1754,In what ways does the company's commitment to achieving Net-Zero by 2028 set it apart from others in the construction industry?
3,1754,How does the automation of operations contribute to the overall efficiency and productivity of the company's construction techniques?
4,1754,What impact does the company's near-zero waste production process have on its overall environmental footprint and community engagement?
5,33056,How does the integration of AI into data mining lead to innovative breakthroughs in scientific research?
6,33056,In what ways is collaboration with laboratories enhancing the search for advanced materials?
7,33056,What specific challenges does the company address within the industrial sector through its technology?
8,33056,How does the early stage of development impact the company's strategic goals and hiring practices?
9,33056,What potential implications could the company's discoveries have on the future of the Industrial Revolution?
10,122,How has the acquisition impacted the company's growth trajectory since its early stage?
11,122,What innovative marketing strategies did the company implement to differentiate itself in the B2B sector?
12,122,In what ways did the company's location influence its market reach and business operations?
13,122,How has being part of a well-known startup accelerator program contributed to the company's success?
14,122,What challenges did the company face during its transition from launch to acquisition?
